question,answer,link,sub_question_count
Không tìm thấy câu hỏi,ĐĂNG NHẬPDÀNH CHO CÁN BỘ,https://dichvucong.moh.gov.vn/web/guest/hoi-dap?p_p_id=hoidap_WAR_oephoidapportlet&p_p_lifecycle=0&p_p_state=normal&p_p_mode=view&_hoidap_WAR_oephoidapportlet_jspPage=%2Fhtml%2Fhoidap%2Fportlet%2Fguihoidap%2Ftimkiem_cauhoi.jsp&_hoidap_WAR_oephoidapportlet_searchString=&_hoidap_WAR_oephoidapportlet_linhvuc_id=1&_hoidap_WAR_oephoidapportlet_resetCur=false&_hoidap_WAR_oephoidapportlet_delta=30,24
Không tìm thấy câu hỏi,ĐĂNG NHẬPDÀNH CHO CÁN BỘ,https://dichvucong.moh.gov.vn/web/guest/hoi-dap?p_p_id=hoidap_WAR_oephoidapportlet&p_p_lifecycle=0&p_p_state=normal&p_p_mode=view&_hoidap_WAR_oephoidapportlet_jspPage=%2Fhtml%2Fhoidap%2Fportlet%2Fguihoidap%2Ftimkiem_cauhoi.jsp&_hoidap_WAR_oephoidapportlet_linhvuc_id=2,2
Không tìm thấy câu hỏi,ĐĂNG NHẬPDÀNH CHO CÁN BỘ,https://dichvucong.moh.gov.vn/web/guest/hoi-dap?p_p_id=hoidap_WAR_oephoidapportlet&p_p_lifecycle=0&p_p_state=normal&p_p_mode=view&_hoidap_WAR_oephoidapportlet_jspPage=%2Fhtml%2Fhoidap%2Fportlet%2Fguihoidap%2Ftimkiem_cauhoi.jsp&_hoidap_WAR_oephoidapportlet_searchString=&_hoidap_WAR_oephoidapportlet_linhvuc_id=3&_hoidap_WAR_oephoidapportlet_resetCur=false&_hoidap_WAR_oephoidapportlet_delta=75,58
Không tìm thấy câu hỏi,ĐĂNG NHẬPDÀNH CHO CÁN BỘ,https://dichvucong.moh.gov.vn/web/guest/hoi-dap?p_p_id=hoidap_WAR_oephoidapportlet&p_p_lifecycle=0&p_p_state=normal&p_p_mode=view&_hoidap_WAR_oephoidapportlet_jspPage=%2Fhtml%2Fhoidap%2Fportlet%2Fguihoidap%2Ftimkiem_cauhoi.jsp&_hoidap_WAR_oephoidapportlet_linhvuc_id=4,5
Không tìm thấy câu hỏi,ĐĂNG NHẬPDÀNH CHO CÁN BỘ,https://dichvucong.moh.gov.vn/web/guest/hoi-dap?p_p_id=hoidap_WAR_oephoidapportlet&p_p_lifecycle=0&p_p_state=normal&p_p_mode=view&_hoidap_WAR_oephoidapportlet_jspPage=%2Fhtml%2Fhoidap%2Fportlet%2Fguihoidap%2Ftimkiem_cauhoi.jsp&_hoidap_WAR_oephoidapportlet_searchString=&_hoidap_WAR_oephoidapportlet_linhvuc_id=5&_hoidap_WAR_oephoidapportlet_resetCur=false&_hoidap_WAR_oephoidapportlet_delta=75,75
Không tìm thấy câu hỏi,ĐĂNG NHẬPDÀNH CHO CÁN BỘ,https://dichvucong.moh.gov.vn/web/guest/hoi-dap?p_p_id=hoidap_WAR_oephoidapportlet&p_p_lifecycle=0&p_p_state=normal&p_p_mode=view&_hoidap_WAR_oephoidapportlet_jspPage=%2Fhtml%2Fhoidap%2Fportlet%2Fguihoidap%2Ftimkiem_cauhoi.jsp&_hoidap_WAR_oephoidapportlet_linhvuc_id=7,3
Không tìm thấy câu hỏi,ĐĂNG NHẬPDÀNH CHO CÁN BỘ,https://dichvucong.moh.gov.vn/web/guest/hoi-dap?p_p_id=hoidap_WAR_oephoidapportlet&p_p_lifecycle=0&p_p_state=normal&p_p_mode=view&_hoidap_WAR_oephoidapportlet_jspPage=%2Fhtml%2Fhoidap%2Fportlet%2Fguihoidap%2Ftimkiem_cauhoi.jsp&_hoidap_WAR_oephoidapportlet_linhvuc_id=8,8
Không tìm thấy câu hỏi,ĐĂNG NHẬPDÀNH CHO CÁN BỘ,https://dichvucong.moh.gov.vn/web/guest/hoi-dap?p_p_id=hoidap_WAR_oephoidapportlet&p_p_lifecycle=0&p_p_state=normal&p_p_mode=view&_hoidap_WAR_oephoidapportlet_jspPage=%2Fhtml%2Fhoidap%2Fportlet%2Fguihoidap%2Ftimkiem_cauhoi.jsp&_hoidap_WAR_oephoidapportlet_linhvuc_id=9,1
Không tìm thấy câu hỏi,ĐĂNG NHẬPDÀNH CHO CÁN BỘ,https://dichvucong.moh.gov.vn/web/guest/hoi-dap?p_p_id=hoidap_WAR_oephoidapportlet&p_p_lifecycle=0&p_p_state=normal&p_p_mode=view&_hoidap_WAR_oephoidapportlet_jspPage=%2Fhtml%2Fhoidap%2Fportlet%2Fguihoidap%2Ftimkiem_cauhoi.jsp&_hoidap_WAR_oephoidapportlet_linhvuc_id=11,2
Không tìm thấy câu hỏi,ĐĂNG NHẬPDÀNH CHO CÁN BỘ,https://dichvucong.moh.gov.vn/web/guest/hoi-dap?p_p_id=hoidap_WAR_oephoidapportlet&p_p_lifecycle=0&p_p_state=normal&p_p_mode=view&_hoidap_WAR_oephoidapportlet_jspPage=%2Fhtml%2Fhoidap%2Fportlet%2Fguihoidap%2Ftimkiem_cauhoi.jsp&_hoidap_WAR_oephoidapportlet_linhvuc_id=12,2
Không tìm thấy câu hỏi,ĐĂNG NHẬPDÀNH CHO CÁN BỘ,https://dichvucong.moh.gov.vn/web/guest/hoi-dap?p_p_id=hoidap_WAR_oephoidapportlet&p_p_lifecycle=0&p_p_state=normal&p_p_mode=view&_hoidap_WAR_oephoidapportlet_jspPage=%2Fhtml%2Fhoidap%2Fportlet%2Fguihoidap%2Ftimkiem_cauhoi.jsp&_hoidap_WAR_oephoidapportlet_linhvuc_id=13,10
Không tìm thấy câu hỏi,ĐĂNG NHẬPDÀNH CHO CÁN BỘ,https://dichvucong.moh.gov.vn/web/guest/hoi-dap?p_p_id=hoidap_WAR_oephoidapportlet&p_p_lifecycle=0&p_p_state=normal&p_p_mode=view&_hoidap_WAR_oephoidapportlet_jspPage=%2Fhtml%2Fhoidap%2Fportlet%2Fguihoidap%2Ftimkiem_cauhoi.jsp&_hoidap_WAR_oephoidapportlet_linhvuc_id=14,5
Không tìm thấy câu hỏi,ĐĂNG NHẬPDÀNH CHO CÁN BỘ,https://dichvucong.moh.gov.vn/web/guest/hoi-dap?p_p_id=hoidap_WAR_oephoidapportlet&p_p_lifecycle=0&p_p_state=normal&p_p_mode=view&_hoidap_WAR_oephoidapportlet_jspPage=%2Fhtml%2Fhoidap%2Fportlet%2Fguihoidap%2Ftimkiem_cauhoi.jsp&_hoidap_WAR_oephoidapportlet_linhvuc_id=15,3
Không tìm thấy câu hỏi,ĐĂNG NHẬPDÀNH CHO CÁN BỘ,https://dichvucong.moh.gov.vn/web/guest/hoi-dap?p_p_id=hoidap_WAR_oephoidapportlet&p_p_lifecycle=0&p_p_state=normal&p_p_mode=view&_hoidap_WAR_oephoidapportlet_jspPage=%2Fhtml%2Fhoidap%2Fportlet%2Fguihoidap%2Ftimkiem_cauhoi.jsp&_hoidap_WAR_oephoidapportlet_linhvuc_id=16,2
Không tìm thấy câu hỏi,ĐĂNG NHẬPDÀNH CHO CÁN BỘ,https://dichvucong.moh.gov.vn/web/guest/hoi-dap?p_p_id=hoidap_WAR_oephoidapportlet&p_p_lifecycle=0&p_p_state=normal&p_p_mode=view&_hoidap_WAR_oephoidapportlet_jspPage=%2Fhtml%2Fhoidap%2Fportlet%2Fguihoidap%2Ftimkiem_cauhoi.jsp&_hoidap_WAR_oephoidapportlet_linhvuc_id=17,6
Không tìm thấy câu hỏi,ĐĂNG NHẬPDÀNH CHO CÁN BỘ,https://dichvucong.moh.gov.vn/web/guest/hoi-dap?p_p_id=hoidap_WAR_oephoidapportlet&p_p_lifecycle=0&p_p_state=normal&p_p_mode=view&_hoidap_WAR_oephoidapportlet_jspPage=%2Fhtml%2Fhoidap%2Fportlet%2Fguihoidap%2Ftimkiem_cauhoi.jsp&_hoidap_WAR_oephoidapportlet_linhvuc_id=18,3
Không tìm thấy câu hỏi,ĐĂNG NHẬPDÀNH CHO CÁN BỘ,https://dichvucong.moh.gov.vn/web/guest/hoi-dap?p_p_id=hoidap_WAR_oephoidapportlet&p_p_lifecycle=0&p_p_state=normal&p_p_mode=view&_hoidap_WAR_oephoidapportlet_jspPage=%2Fhtml%2Fhoidap%2Fportlet%2Fguihoidap%2Ftimkiem_cauhoi.jsp&_hoidap_WAR_oephoidapportlet_searchString=&_hoidap_WAR_oephoidapportlet_linhvuc_id=19&_hoidap_WAR_oephoidapportlet_resetCur=false&_hoidap_WAR_oephoidapportlet_delta=75,59
Không tìm thấy câu hỏi,ĐĂNG NHẬPDÀNH CHO CÁN BỘ,https://dichvucong.moh.gov.vn/web/guest/hoi-dap?p_p_id=hoidap_WAR_oephoidapportlet&p_p_lifecycle=0&p_p_state=normal&p_p_mode=view&_hoidap_WAR_oephoidapportlet_jspPage=%2Fhtml%2Fhoidap%2Fportlet%2Fguihoidap%2Ftimkiem_cauhoi.jsp&_hoidap_WAR_oephoidapportlet_searchString=&_hoidap_WAR_oephoidapportlet_linhvuc_id=20&_hoidap_WAR_oephoidapportlet_resetCur=false&_hoidap_WAR_oephoidapportlet_delta=50,31
Không tìm thấy câu hỏi,ĐĂNG NHẬPDÀNH CHO CÁN BỘ,https://dichvucong.moh.gov.vn/web/guest/hoi-dap?p_p_id=hoidap_WAR_oephoidapportlet&p_p_lifecycle=0&p_p_state=normal&p_p_mode=view&_hoidap_WAR_oephoidapportlet_jspPage=%2Fhtml%2Fhoidap%2Fportlet%2Fguihoidap%2Ftimkiem_cauhoi.jsp&_hoidap_WAR_oephoidapportlet_linhvuc_id=21,3
Không tìm thấy câu hỏi,ĐĂNG NHẬPDÀNH CHO CÁN BỘ,https://dichvucong.moh.gov.vn/web/guest/hoi-dap?p_p_id=hoidap_WAR_oephoidapportlet&p_p_lifecycle=0&p_p_state=normal&p_p_mode=view&_hoidap_WAR_oephoidapportlet_jspPage=%2Fhtml%2Fhoidap%2Fportlet%2Fguihoidap%2Ftimkiem_cauhoi.jsp&_hoidap_WAR_oephoidapportlet_linhvuc_id=22,5
Không tìm thấy câu hỏi,ĐĂNG NHẬPDÀNH CHO CÁN BỘ,https://dichvucong.moh.gov.vn/web/guest/hoi-dap?p_p_id=hoidap_WAR_oephoidapportlet&p_p_lifecycle=0&p_p_state=normal&p_p_mode=view&_hoidap_WAR_oephoidapportlet_jspPage=%2Fhtml%2Fhoidap%2Fportlet%2Fguihoidap%2Ftimkiem_cauhoi.jsp&_hoidap_WAR_oephoidapportlet_searchString=&_hoidap_WAR_oephoidapportlet_linhvuc_id=23&_hoidap_WAR_oephoidapportlet_resetCur=false&_hoidap_WAR_oephoidapportlet_delta=75,75
Không tìm thấy câu hỏi,ĐĂNG NHẬPDÀNH CHO CÁN BỘ,https://dichvucong.moh.gov.vn/web/guest/hoi-dap?p_p_id=hoidap_WAR_oephoidapportlet&p_p_lifecycle=0&p_p_state=normal&p_p_mode=view&_hoidap_WAR_oephoidapportlet_jspPage=%2Fhtml%2Fhoidap%2Fportlet%2Fguihoidap%2Ftimkiem_cauhoi.jsp&_hoidap_WAR_oephoidapportlet_searchString=&_hoidap_WAR_oephoidapportlet_linhvuc_id=24&_hoidap_WAR_oephoidapportlet_resetCur=false&_hoidap_WAR_oephoidapportlet_delta=20,15
Không tìm thấy câu hỏi,ĐĂNG NHẬPDÀNH CHO CÁN BỘ,https://dichvucong.moh.gov.vn/web/guest/hoi-dap?p_p_id=hoidap_WAR_oephoidapportlet&p_p_lifecycle=0&p_p_state=normal&p_p_mode=view&_hoidap_WAR_oephoidapportlet_jspPage=%2Fhtml%2Fhoidap%2Fportlet%2Fguihoidap%2Ftimkiem_cauhoi.jsp&_hoidap_WAR_oephoidapportlet_linhvuc_id=25,7
,,https://dichvucong.moh.gov.vn/web/guest/hoi-dap?p_p_id=hoidap_WAR_oephoidapportlet&p_p_lifecycle=0&p_p_state=normal&p_p_mode=view&_hoidap_WAR_oephoidapportlet_jspPage=%2Fhtml%2Fhoidap%2Fportlet%2Fguihoidap%2Ftimkiem_cauhoi.jsp&_hoidap_WAR_oephoidapportlet_searchString=&_hoidap_WAR_oephoidapportlet_linhvuc_id=5&_hoidap_WAR_oephoidapportlet_delta=75&_hoidap_WAR_oephoidapportlet_resetCur=false&_hoidap_WAR_oephoidapportlet_cur=2,15
,,https://dichvucong.moh.gov.vn/web/guest/hoi-dap?p_p_id=hoidap_WAR_oephoidapportlet&p_p_lifecycle=0&p_p_state=normal&p_p_mode=view&_hoidap_WAR_oephoidapportlet_jspPage=%2Fhtml%2Fhoidap%2Fportlet%2Fguihoidap%2Ftimkiem_cauhoi.jsp&_hoidap_WAR_oephoidapportlet_searchString=&_hoidap_WAR_oephoidapportlet_linhvuc_id=23&_hoidap_WAR_oephoidapportlet_delta=75&_hoidap_WAR_oephoidapportlet_resetCur=false&_hoidap_WAR_oephoidapportlet_cur=2,56
